User1a,uiVariant1
User1b,uiVariant1
User1c,uiVariant1
User1d,uiVariant1
User1e,uiVariant1
User1f,uiVariant1
User1g,uiVariant1
User1h,uiVariant1
User1i,uiVariant1
User1j,uiVariant1
User2a,uiVariant2
User2b,uiVariant2
User2c,uiVariant2
User2d,uiVariant2
User2e,uiVariant2
User2f,uiVariant2
User2g,uiVariant2
User2h,uiVariant2
User2i,uiVariant2
User2j,uiVariant2
User3a,uiVariant3
User3b,uiVariant3
User3c,uiVariant3
User3d,uiVariant3
User3e,uiVariant3
User3f,uiVariant3
User3g,uiVariant3
User3h,uiVariant3
User3i,uiVariant3
User3j,uiVariant3
User4a,uiVariant4
User4b,uiVariant4
User4c,uiVariant4
User4d,uiVariant4
User4e,uiVariant4
User4f,uiVariant4
User4g,uiVariant4
User4h,uiVariant4
User4i,uiVariant4
User4j,uiVariant4
User5a,uiVariant5
User5b,uiVariant5
User5c,uiVariant5
User5d,uiVariant5
User5e,uiVariant5
User5f,uiVariant5
User5g,uiVariant5
User5h,uiVariant5
User5i,uiVariant5
User5j,uiVariant5
User6a,uiVariant6
User6b,uiVariant6
User6c,uiVariant6
User6d,uiVariant6
User6e,uiVariant6
User6f,uiVariant6
User6g,uiVariant6
User6h,uiVariant6
User6i,uiVariant6
User6j,uiVariant6